-- Insert test data into the 'cases' table
INSERT INTO weapons (weapon_name) VALUES
    ('AK-47'),
    ('M4A4'),
    ('M4A1-S'),
    ('P2000'),
    ('Glock'),
    ('UMP-45'),
    ('AWP'),
    ('P90'),
    ('Desert Eagle'),
    ('Five-Seven'),
    ('Tec-9'),
    ('MP9'),
    ('MP7'),
    ('MAC-10'),
    ('P250'),
    ('CZ75-Auto'),
    ('Dual Berettas'),
    ('Nova'),
    ('XM1014'),
    ('Sawed-Off'),
    ('MAG-7'),
    ('Negev'),
    ('M249'),
    ('FAMAS'),
    ('AUG'),
    ('SG 553'),
    ('SSG 08'),
    ('SCAR-20'),
    ('G3SG1'),
    ('Galil AR'),
    ('Revolver'),
    ('Flip Knife'),
    ('Bayonet'),
    ('Karambit'),
    ('M9 Bayonet'),
    ('Butterfly Knife'),
    ('Huntsman Knife'),
    ('Falchion Knife'),
    ('Bowie Knife'),
    ('Shadow Daggers'),
    ('Ursus Knife'),
    ('Navaja Knife'),
    ('Stiletto Knife'),
    ('Talon Knife'),
    ('Driver Gloves'),
    ('Hand Wraps'),
    ('Moto Gloves'),
    ('Specialist Gloves'),
    ('Sport Gloves'),
    ('Bloodhound Gloves'),
    ('Hydra Gloves'),
    ('USP-S'),
    ('Spitting Lama');

INSERT INTO skins (skin_id, has_pattern, name, rarity, weapon_name) VALUES
    (1, false, 'Temukau', 5, 'M4A4'),
    (2, false, 'Head Shot', 5, 'AK-47'),
    (3, false, 'Duality', 4, 'AWP'),
    (4, false, 'Wicked Sick', 4, 'P2000'),
    (5, false, 'Wild Child', 4, 'UMP-45'),
    (6, false, 'Emphorosaur-S', 3, 'M4A1-S'),
    (7, false, 'Neoqueen', 3, 'P90'),
    (8, false, 'Umbral Rabbit', 3, 'Glock'),
    (9, false, 'Sakkaku', 3, 'MAC-10'),
    (10, false, 'Banana Cannon', 3, 'Revolver'),
    (11, false, 'Liquidation', 2, 'Glock'),
    (12, false, 'Featherweight', 2, 'MP9'),
    (13, false, 'Cyberforce', 2, 'SG 553'),
    (14, false, 'Rebel', 2, 'Tec-9'),
    (15, false, 'Insomnia', 2, 'MAG-7'),
    (16, false, 'Re.built', 2, 'P250'),
    (17, false, 'Fragments', 2, 'SCAR-20'),
    (18, false, 'The Traitor', 5, 'USP-S'),
    (19, false, 'In Living Color', 5, 'M4A4'),
    (20, false, 'Chromatic Aberration', 4, 'Galil AR'),
    (21, false, 'Food Chain', 4, 'MP9'),
    (22, false, 'XOXO', 4, 'XM1014'),
    (23, false, 'Slate', 3, 'AK-47'),
    (24, false, 'Trigger Discipline', 3, 'Desert Eagle'),
    (25, false, 'Cyber Shell', 3, 'P250'),
    (26, false, 'Button Masher', 3, 'MAC-10'),
    (27, false, 'dev_texture', 3, 'Negev'),
    (28, false, 'Clear Polymer', 2, 'Glock'),
    (29, false, 'Circaetus', 2, 'CZ75-Auto'),
    (30, false, 'Heavy Metal', 2, 'SG 553'),
    (31, false, 'Junk Yard', 2, 'Revolver'),
    (32, false, 'Windblown', 2, 'Nova'),
    (33, false, 'O.S.I.P.R.', 2, 'M249'),
    (34, false, 'Oscillator', 2, 'UMP-45'),
    (35, false, 'Undercover Version', 6, 'Spitting Lama');

INSERT INTO cases (case_name) VALUES
('Revolution'),
('Snakebite');

-- Füge "Revolution" case in die Tabelle "cases" ein
INSERT INTO case_skins (probability, skin_id, case_name) VALUES
(0.0032, 1, 'Revolution'),
(0.0032, 2, 'Revolution'),
(0.010666666666666666, 3, 'Revolution'),
(0.010666666666666666, 4, 'Revolution'),
(0.010666666666666666, 5, 'Revolution'),
(0.03196, 6, 'Revolution'),
(0.03196, 7, 'Revolution'),
(0.03196, 8, 'Revolution'),
(0.03196, 9, 'Revolution'),
(0.03196, 10, 'Revolution'),
(0.11417142857142858, 11, 'Revolution'),
(0.11417142857142858, 12, 'Revolution'),
(0.11417142857142858, 13, 'Revolution'),
(0.11417142857142858, 14, 'Revolution'),
(0.11417142857142858, 15, 'Revolution'),
(0.11417142857142858, 16, 'Revolution'),
(0.11417142857142858, 17, 'Revolution');

-- Füge "Snakebite" case in die Tabelle "cases" ein
INSERT INTO case_skins (probability, skin_id, case_name) VALUES
(0.0032, 18, 'Snakebite'),
(0.0032, 19, 'Snakebite'),
(0.010666666666666666, 20, 'Snakebite'),
(0.010666666666666666, 21, 'Snakebite'),
(0.010666666666666666,22, 'Snakebite'),
(0.03196, 23, 'Snakebite'),
(0.03196, 24, 'Snakebite'),
(0.03196, 25, 'Snakebite'),
(0.03196, 26, 'Snakebite'),
(0.03196, 27, 'Snakebite'),
(0.11417142857142858, 28, 'Snakebite'),
(0.11417142857142858, 29, 'Snakebite'),
(0.11417142857142858, 30, 'Snakebite'),
(0.11417142857142858, 31, 'Snakebite'),
(0.11417142857142858, 32, 'Snakebite'),
(0.11417142857142858, 33, 'Snakebite'),
(0.11417142857142858, 34, 'Snakebite');
